Cloud kitchen ,Cost,Reviewer,Review,Rating,Timings,Liked
faasos,800,Rusha Chakraborty,Wow... Loved this place.,5,"12noon to 3:30pm, 6:30pm to 11:30pm (Mon-Sun)",1
behrouz briyani,800,Anusha Tirumalaneedi,Crust is not good.,5,11 AM to 11 PM,0
oven story ,"1,300",Ashok Shekhawat,Not tasty and the texture was just nasty.,5,"11:30 AM to 4:30 PM, 6:30 PM to 11 PM",0
sweet truth,800,Swapnil Sarkar,Stopped by during the late May bank holiday off Rick Steve recommendation and loved it.,5,12 Noon to 2 AM,1
rice bowl,"1,200",Dileep,The selection on the menu was great and so were the prices.,5,"12noon to 11pm (Mon, Tue, Wed, Thu, Sun), 12noon to 12midnight (Fri-Sat)",1
jos bakehouse,"1,500",Nagabhavani K,Now I am getting angry and I want my damn pho.,5,"12Noon to 3:30PM, 4PM to 6:30PM, 7PM to 11:30PM (Mon, Tue, Wed, Thu, Sun), 12Noon to 3:30PM, 4PM to 6:30PM, 7PM to 12Midnight (Fri-Sat)",0
faasos,500,Jamuna Bhuwalka,Honeslty it didn't taste THAT fresh.),5,7 AM to 10 PM,0
sweet truth,300,Sandhya S,The potatoes were like rubber and you could tell they had been made up ahead of time being kept under a warmer.,4,12 Noon to 12 Midnight,0
behrouz briyani,"1,000",Akash Thorat,The fries were great too.,5,12 Noon to 12 Midnight,1
sweet truth,350,Smarak Patnaik,A great touch.,5,"10 AM to 1 AM (Mon-Thu), 10 AM to 1:30 AM (Fri-Sun)",1
rice bowl,400,Saubhagya Bhuyan,Service was very prompt.,5,"12 Noon to 3:30 PM, 7 PM to 10:30 PM",1
faasos,"1,600",Srivaths07,Would not go back.,5,"12 Noon to 3:30 PM, 6:30 PM to 11:30 PM",0
jos bakehouse,750,Kunj Mishra,The cashier had no care what so ever on what I had to say it still ended up being wayyy overpriced.,5,11:30 AM to 1 AM,0
rice bowl,"1,300",Pradeep Vetapalem,"I tried the Cape Cod ravoli, chicken, with cranberry...mmmm!",5,12noon to 12midnight (Mon-Sun),1
behrouz briyani,"1,500",Kankaria.ritu,I was disgusted because I was pretty sure that was human hair.,1,"12 Noon to 4:30 PM, 6:30 PM to 11:30 PM",0
sweet truth,500,Abhay Sharma,I was shocked because no signs indicate cash only.,5,11 AM to 11 PM,0
jos bakehouse,550,Shubham Jaiswal,Highly recommended.,4,12 Noon to 10:30 PM,1
faasos,400,Srijani Mukherjee,Waitress was a little slow in service.,5,11:30 AM to 1 AM,0
oven story ,"1,900",Hari Jangam,"This place is not worth your time, let alone Vegas.",5,12 Noon to 12 Midnight,0
rice bowl,400,Suneet Soni,did not like at all.,5,12 Noon to 11 PM,0
sweet truth,450,Little Chef Chika,The Burrittos Blah!,5,"12:30 PM to 10 PM (Tue-Sun), Mon Closed",0
behrouz briyani,"1,900",Sneha Munigela,"The food, amazing.",4,"11:30 AM to 3 PM, 7 PM to 11 PM",1
behrouz briyani,"1,600",Sneha Sarkar,Service is also cute.,4,"11am to 11:30pm (Mon, Tue, Wed, Thu, Sun), 11am to 12midnight (Fri-Sat)",1
sweet truth,150,Tony,I could care less... The interior is just beautiful.,5,10 AM to 5 AM,1
oven story ,"1,400",Amritap Datta,So they performed.,5,"12 Noon to 12 Midnight (Mon-Thu, Sun), 12 Noon to 1 AM (Fri-Sat)",1
rice bowl,"1,000",Imteja7,That's right....the red velvet cake.....ohhh this stuff is so good.,5,"12Noon to 11PM (Mon-Thu),12Noon to 11:30PM (Fri-Sun)",1
oven story ,"1,300",Nisha Gahlawat,#NAME?,5,"12 Noon to 11:30 PM (Mon-Wed), 12 Noon to 1 AM (Fri-Sat), 12 Noon to 12 Midnight (Sun), Thu Closed",0
jos bakehouse,"1,100",Dharini Hombal,"This hole in the wall has great Mexican street tacos, and friendly staff.",5,"12 Noon to 4 PM, 6:30 PM to 11:30 PM",1
faasos,600,Ankita Sinha,"Took an hour to get our food only 4 tables in restaurant my food was Luke warm, Our sever was running around like he was totally overwhelmed.",5,10 AM to 1 AM,0
faasos,200,Ppck2412,The worst was the salmon sashimi.,4,4:30 PM to 5:30 AM,0
oven story ,900,Pragya Sarda,"Also there are combos like a burger, fries, and beer for 23 which is a decent deal.",3,"12 Noon to 4 PM, 6:30 PM to 11:30 PM",1
behrouz briyani,"1,000",Anindya,This was like the final blow!,5,11 AM to 12 Midnight,0
sweet truth,700,Santhosh Reddyy,I found this place by accident and I could not be happier.,5,"12noon to 4pm, 7pm to 12midnight (Mon-Sun)",1
jos bakehouse,900,Piyali Mahapatra,"seems like a good quick place to grab a bite of some familiar pub food, but do yourself a favor and look elsewhere.",5,11 AM to 12 Midnight,0
oven story ,"1,700",Mehak Malhotra,"Overall, I like this place a lot.",5,6am to 12midnight (Mon-Sun),1
jos bakehouse,700,Pradeep Kumar Gupta,The only redeeming quality of the restaurant was that it was very inexpensive.,5,12 Noon to 11 PM,1
faasos,700,Shubham Singh Chauhan,Ample portions and good prices.,5,"12:30 PM to 3:30 PM, 7 PM to 10:40 PM",1
jos bakehouse,500,Prerna Mund,"Poor service, the waiter made me feel like I was stupid every time he came to the table.",5,"12 Noon to 4 PM, 7 PM to 11 PM",0
rice bowl,"1,200",Pranith Patro,My first visit to Hiro was a delight!,5,"12noon to 11pm (Mon, Tue, Wed, Thu, Sun), 12noon to 12midnight (Fri-Sat)",1
jos bakehouse,700,Sai Raj Kiran,Service sucks.,4,12 Noon to 10:30 PM,0
behrouz briyani,"1,200",Razeen,The shrimp tender and moist.,5,12noon to 11pm (Mon-Sun),1
jos bakehouse,500,Prasanna,There is not a deal good enough that would drag me into that establishment again.,5,10 AM to 10 PM,0
rice bowl,600,Jeevith Reddy,Hard to judge whether these sides were good because we were grossed out by the melted styrofoam and didn't want to eat it for fear of getting sick.,4,10 AM to 10 PM,0
jos bakehouse,500,Sugandha Saxena,"On a positive note, our server was very attentive and provided great service.",4,7 AM to 1 AM,1
oven story ,"1,000",Singh.ibm,"Frozen pucks of disgust, with some of the worst people behind the register.",5,12 Noon to 11:30 PM,0
faasos,900,Sind Hu,The only thing I did like was the prime rib and dessert section.,3,12Noon to 11:30PM (Mon-Sun),1
sweet truth,"1,400",Sameer Singh,It's too bad the food is so damn generic.,4,12 Noon to 11:30 PM,0
rice bowl,800,Jaya Phaneendra,"The burger is good beef, cooked just right.",5,12 Noon to 11 PM,1
jos bakehouse,500,Gokulnath Kunjumon,If you want a sandwich just go to any Firehouse!!!!!,5,6 AM to 10:30 PM,1
faasos,500,Raj Verma,"My side Greek salad with the Greek dressing was so tasty, and the pita and hummus was very refreshing.",5,"11:30 AM to 3:30 PM, 6:45 PM to 11:30 PM",1
sweet truth,800,AKANKSHA GAIKWAD,We ordered the duck rare and it was pink and tender on the inside with a nice char on the outside.,5,"11:55 AM to 4 PM, 7 PM to 11:15 PM",1
rice bowl,500,Divyakant,He came running after us when he realized my husband had left his sunglasses on the table.,5,12 Noon to 11 PM,1
jos bakehouse,500,Anisha Rajput,Their chow mein is so good!,5,11 AM to 11 PM,1
behrouz briyani,"1,200",Chaitanya Patwari,"They have horrible attitudes towards customers, and talk down to each one when customers don't enjoy their food.",5,"12noon to 4:30pm, 6:30pm to 11:30pm (Mon, Tue, Wed, Fri, Sat), Closed (Thu),12noon to 12midnight (Sun)",0
faasos,200,Hasini1998,The portion was huge!,5,"12noon to 12midnight (Mon, Tue, Wed, Thu, Sun), 12noon to 1am (Fri-Sat)",1
jos bakehouse,700,Catherene Clement,"Loved it...friendly servers, great food, wonderful and imaginative menu.",5,8 AM to 11:30 PM,1
oven story ,"2,500",Dyagamrahul,The Heart Attack Grill in downtown Vegas is an absolutely flat-lined excuse for a restaurant.,3,"6:30am to 10:30am, 12:30pm to 3pm, 7pm to 11pm (Mon),6:30am to 10:30am, 12:30pm to 3pm, 7:30pm to 11pm (Tue-Sat),6:30am to 10:30am, 12:30pm to 3:30pm, 7pm to 11pm (Sun)",0
jos bakehouse,450,Malleshwari Seelam,Not much seafood and like 5 strings of pasta at the bottom.,4,"12 Noon to 3 PM, 7 PM to 11:30 PM",0
sweet truth,350,Vibhor Joshi,"The salad had just the right amount of sauce to not over power the scallop, which was perfectly cooked.",5,11:30 AM to 1 AM,1
jos bakehouse,200,Vikas Raikwar,"The ripped banana was not only ripped, but petrified and tasteless.",4,9 AM to 10 PM,0
behrouz briyani,"1,200",Snigdha Jidigam,At least think to refill my water before I struggle to wave you over for 10 minutes.,5,"12 Noon to 12 Midnight (Mon-Thu, Sun), 12 Noon to 1 AM (Fri-Sat)",0
behrouz briyani,"1,200",Tatarao Vana,This place receives stars for their APPETIZERS!!!,5,5pm to 12midnight (Mon-Sun),1
jos bakehouse,500,Oblesh J,The cocktails are all handmade and delicious.,5,11 AM to 11:30 PM,1
faasos,850,Sharmistha Kamat,We'd definitely go back here again.,5,11:30AM to 11PM (Mon-Sun),1
jos bakehouse,600,Monika,We are so glad we found this place.,4,12 Noon to 10:30 PM,1
oven story ,"1,500",Hemant Bissa,"Great food and service, huge portions and they give a military discount.",5,1 PM to 11 PM,1
jos bakehouse,750,Tejaswi Rao,Always a great time at Dos Gringos!,1,11:30 AM to 12 Midnight,1
faasos,"1,200",Satyajit Sarangi,Update.....went back for a second time and it was still just as amazing,5,12 Noon to 12 Midnight,1
behrouz briyani,"1,500",Gautam Dev,We got the food and apparently they have never heard of salt and the batter on the fish was chewy.,5,12noon to 12midnight (Mon-Sun),0
oven story ,"1,500",Paridhi Mittal,A great way to finish a great.,5,12noon to 11pm (Mon-Sun),1
jos bakehouse,"1,100",Sathya K,"The deal included 5 tastings and 2 drinks, and Jeff went above and beyond what we expected.",5,"12 Noon to 3 PM, 7 PM to 11 PM",1
faasos,"1,300",Rashmi Prasad,#NAME?,5,"12 Noon to 3 PM, 7 PM to 11 PM",1
oven story ,"1,000",Shopharsh29,The service was meh.,5,"11 AM to 8 PM (Mon-Sat), Sun Closed",0
jos bakehouse,600,Saswati Kar Choudhury,"It took over 30 min to get their milkshake, which was nothing more than chocolate milk.",3,4 AM to 12 Midnight,0
rice bowl,600,Manish Reddy,"I guess I should have known that this place would suck, because it is inside of the Excalibur, but I didn't use my common sense.",4,9 AM to 1 AM,0
jos bakehouse,700,Mudit,The scallop dish is quite appalling for value as well.,2,10:30 AM to 11 PM,0
faasos,350,Susmitha Penisetti,2 times - Very Bad Customer Service !,3,7 AM to 11 PM,0
jos bakehouse,650,Tanmayee Manchiraju,The sweet potato fries were very good and seasoned well.,5,"7 AM to 10:30 AM, 12:30 PM to 3:30 PM, 7 PM to 11 PM",1
oven story ,"1,100",Sunil.bollineni,Today is the second time I've been to their lunch buffet and it was pretty good.,5,"12 Noon to 3:30 PM, 7 PM to 11:30 PM",1
rice bowl,700,Vignesh Rk,There is so much good food in Vegas that I feel cheated for wasting an eating opportunity by going to Rice and Company.,1,"12 Noon to 3:30 PM, 7 PM to 11 PM",0
jos bakehouse,500,Surya Sharma,Coming here is like experiencing an underwhelming relationship where both parties can't wait for the other person to ask to break up.,1,"12noon to 12midnight (Mon, Tue, Wed, Thu, Sun), 12noon to 1am (Fri-Sat)",0
faasos,600,Spandhana.hr,walked in and the place smelled like an old grease trap and only 2 others there eating.,5,11am to 11pm (Mon-Sun),0
rice bowl,750,Manab Maji,The turkey and roast beef were bland.,5,6 AM to 11:30 PM,0
jos bakehouse,500,Parshwa Shah,This place has it!,2,11:30 AM to 5 AM,1
oven story ,700,Sreshta Ladegaam,The pan cakes everyone are raving about taste like a sugary disaster tailored to the palate of a six year old.,1,"12:30 PM to 3:30 PM, 7 PM to 11 PM",0
jos bakehouse,200,Kiron Kshetrapal,I love the Pho and the spring rolls oh so yummy you have to try.,5,6pm to 2am (Mon-Sun),1
faasos,600,Navneet Raj,The poor batter to meat ratio made the chicken tenders very unsatisfying.,5,10 AM to 12 Midnight,0
sweet truth,600,Debapriya Chhotray,All I have to say is the food was amazing!!!,5,12 Noon to 4 AM,1
rice bowl,400,Mahesh Tambe,Omelets are to die for!,5,11 AM to 11 PM,1
jos bakehouse,150,Trupti Dhongdi,Everything was fresh and delicious!,1,1 PM to 1 AM,1
behrouz briyani,"1,600",SitaMilind,"In summary, this was a largely disappointing dining experience.",4,12 Noon to 12 Midnight,0
behrouz briyani,"1,800",Lakshmi Prasanna,"It's like a really sexy party in your mouth, where you're outrageously flirting with the hottest person at the party.",2,24 Hours,1
behrouz briyani,"2,800",S Santhosh,"Never been to Hard Rock Casino before, WILL NEVER EVER STEP FORWARD IN IT AGAIN!",1,24 Hours (Mon-Sun),0
jos bakehouse,550,Farheen Shaik,Best breakfast buffet!!!,1,"11:30 AM to 4 PM, 7 PM to 11 PM",1
faasos,550,Abhijit Banerjee,say bye bye to your tip lady!,4,10 AM to 11 PM,0
rice bowl,400,Gaurav Saini,We'll never go again.,3,"1 PM to 2 AM (Mon, Wed-Sun), Tue Closed",0
oven story ,600,Kailash Sain,Will be back again!,5,12:30pm to 11:30pm (Mon-Sun),1
behrouz briyani,"1,750",KAILASH SAIN,Food arrived quickly!,5,12Noon to 2AM (Mon-Sun),1
faasos,400,Yaswanth Chowdary,It was not good.,2,11 AM to 11 PM,0
oven story ,"1,000",Aditya,"On the up side, their cafe serves really good food.",4,"12 Noon to 3:30 PM, 7 PM to 11 PM",1
oven story ,600,Subodh Deshmukh,"Our server was fantastic and when he found out the wife loves roasted garlic and bone marrow, he added extra to our meal and another marrow to go!",5,11 AM to 11 PM,1
jos bakehouse,200,BIBHU BHUSHAN SINHA,"The only good thing was our waiter, he was very helpful and kept the bloddy mary's coming.",5,"10 AM to 10 PM (Mon-Thu), 8 AM to 10:30 PM (Fri-Sun)",1
faasos,500,Behara Venkatasiva,"Best Buffet in town, for the price you cannot beat it.",5,12 Noon to 11 PM,1
rice bowl,250,Veera Babu,"I LOVED their mussels cooked in this wine reduction, the duck was tender, and their potato dishes were delicious.",5,8am to 12:30AM (Mon-Sun),1
faasos,"1,700",KADIYAM MOUNIKA,This is one of the better buffets that I have been to.,5,"11:30 AM to 3 PM, 7 PM to 12 Midnight",1
